<mxfile host="app.diagrams.net" modified="2024-06-30T13:57:44.576Z" agent="Mozilla/5.0 (X11; Linux x86_64) AppleWebKit/537.36 (KHTML, like Gecko) Chrome/126.0.0.0 Safari/537.36" etag="lNh6MHbp1XCU5hlyaFgT" version="24.6.4" type="google">
  <diagram id="508f0619-8d20-a68f-a31b-f157fe522c77" name="Page-1">
    <mxGraphModel grid="1" page="1" gridSize="10" guides="1" tooltips="1" connect="1" arrows="1" fold="1" pageScale="1" pageWidth="850" pageHeight="1100" math="0" shadow="0">
      <root>
        <mxCell id="0" />
        <mxCell id="1" parent="0" />
        <mxCell id="13" value="" style="rounded=0;whiteSpace=wrap;html=1;strokeColor=#000000;fillColor=#ffffff;fontSize=28;" vertex="1" parent="1">
          <mxGeometry x="40" y="10" width="800" height="670" as="geometry" />
        </mxCell>
        <mxCell id="5" style="edgeStyle=orthogonalEdgeStyle;rounded=0;html=1;exitX=1;exitY=0.5;entryX=0;entryY=0.25;jettySize=auto;orthogonalLoop=1;fontSize=28;fillColor=#dae8fc;strokeColor=#6c8ebf;strokeWidth=3;" edge="1" parent="1" target="4">
          <mxGeometry relative="1" as="geometry">
            <mxPoint x="290" y="210" as="sourcePoint" />
          </mxGeometry>
        </mxCell>
        <mxCell id="2" value="&lt;font style=&quot;font-size: 28px;&quot;&gt;Training data&lt;/font&gt;" style="rounded=0;whiteSpace=wrap;html=1;fillColor=#dae8fc;strokeColor=#6c8ebf;fontSize=28;" vertex="1" parent="1">
          <mxGeometry x="70" y="180" width="220" height="60" as="geometry" />
        </mxCell>
        <mxCell id="6" style="edgeStyle=orthogonalEdgeStyle;rounded=0;html=1;exitX=1;exitY=0.5;entryX=0;entryY=0.75;jettySize=auto;orthogonalLoop=1;strokeWidth=3;fontSize=28;fillColor=#dae8fc;strokeColor=#6c8ebf;" edge="1" parent="1" source="3" target="4">
          <mxGeometry relative="1" as="geometry" />
        </mxCell>
        <mxCell id="3" value="&lt;font style=&quot;font-size: 28px;&quot;&gt;Training labels&lt;/font&gt;" style="rounded=0;whiteSpace=wrap;html=1;fillColor=#dae8fc;strokeColor=#6c8ebf;fontSize=28;" vertex="1" parent="1">
          <mxGeometry x="70" y="270" width="220" height="60" as="geometry" />
        </mxCell>
        <mxCell id="4" value="&lt;font style=&quot;font-size: 24px;&quot;&gt;ML Algorithm&lt;/font&gt;" style="rounded=1;whiteSpace=wrap;html=1;strokeColor=#6c8ebf;fillColor=#dae8fc;" vertex="1" parent="1">
          <mxGeometry x="360" y="210" width="190" height="90" as="geometry" />
        </mxCell>
        <mxCell id="11" style="edgeStyle=orthogonalEdgeStyle;rounded=0;html=1;entryX=0;entryY=0.5;jettySize=auto;orthogonalLoop=1;strokeWidth=3;fontSize=28;fillColor=#e1d5e7;strokeColor=#9673a6;" edge="1" parent="1" source="7" target="9">
          <mxGeometry relative="1" as="geometry" />
        </mxCell>
        <mxCell id="7" value="&lt;font style=&quot;font-size: 28px&quot;&gt;Test Data&lt;/font&gt;" style="rounded=0;whiteSpace=wrap;html=1;fillColor=#e1d5e7;strokeColor=#9673a6;fontSize=28;" vertex="1" parent="1">
          <mxGeometry x="70" y="385" width="220" height="60" as="geometry" />
        </mxCell>
        <mxCell id="12" style="edgeStyle=orthogonalEdgeStyle;rounded=0;html=1;entryX=0;entryY=0.25;jettySize=auto;orthogonalLoop=1;strokeWidth=3;fontSize=28;fillColor=#f8cecc;strokeColor=#b85450;entryDx=0;entryDy=0;" edge="1" parent="1" source="8" target="10">
          <mxGeometry relative="1" as="geometry" />
        </mxCell>
        <mxCell id="8" value="&lt;font style=&quot;font-size: 28px&quot;&gt;Test Labels&lt;/font&gt;" style="rounded=0;whiteSpace=wrap;html=1;fillColor=#f8cecc;strokeColor=#b85450;fontSize=28;" vertex="1" parent="1">
          <mxGeometry x="70" y="515" width="220" height="60" as="geometry" />
        </mxCell>
        <mxCell id="9" value="&lt;font style=&quot;font-size: 28px;&quot;&gt;Model&lt;/font&gt;" style="rounded=1;whiteSpace=wrap;html=1;strokeColor=#9673a6;fillColor=#e1d5e7;" vertex="1" parent="1">
          <mxGeometry x="360" y="370" width="190" height="90" as="geometry" />
        </mxCell>
        <mxCell id="10" value="&lt;font style=&quot;font-size: 32px&quot;&gt;Evaluation&lt;/font&gt;" style="rounded=1;whiteSpace=wrap;html=1;strokeColor=#b85450;fillColor=#f8cecc;" vertex="1" parent="1">
          <mxGeometry x="360" y="550" width="190" height="90" as="geometry" />
        </mxCell>
        <mxCell id="jnu09e3VhKqj-yzPSul--16" value="&lt;font style=&quot;font-size: 28px;&quot;&gt;Data Preparation&lt;/font&gt;&lt;div&gt;&lt;font style=&quot;font-size: 19px;&quot;&gt;(Data Processing; Feature Extraction and Engineering)&lt;/font&gt;&lt;/div&gt;" style="rounded=0;whiteSpace=wrap;html=1;fillColor=#d5e8d4;strokeColor=#82b366;fontSize=28;" vertex="1" parent="1">
          <mxGeometry x="70" y="20" width="330" height="120" as="geometry" />
        </mxCell>
        <mxCell id="jnu09e3VhKqj-yzPSul--19" style="edgeStyle=orthogonalEdgeStyle;rounded=0;html=1;entryX=0;entryY=0.5;jettySize=auto;orthogonalLoop=1;fontSize=28;fillColor=#dae8fc;strokeColor=#9AC7BF;strokeWidth=3;entryDx=0;entryDy=0;" edge="1" parent="1" target="effccUr-PqDmwDd-zJ-Z-13">
          <mxGeometry relative="1" as="geometry">
            <mxPoint x="400" y="70" as="sourcePoint" />
            <mxPoint x="160" y="300" as="targetPoint" />
            <Array as="points">
              <mxPoint x="400" y="70" />
              <mxPoint x="450" y="70" />
              <mxPoint x="450" y="50" />
            </Array>
          </mxGeometry>
        </mxCell>
        <mxCell id="jnu09e3VhKqj-yzPSul--20" value="&lt;font style=&quot;font-size: 32px&quot;&gt;Model&lt;/font&gt;" style="rounded=1;whiteSpace=wrap;html=1;strokeColor=#6c8ebf;fillColor=#dae8fc;" vertex="1" parent="1">
          <mxGeometry x="600" y="210" width="190" height="90" as="geometry" />
        </mxCell>
        <mxCell id="jnu09e3VhKqj-yzPSul--21" style="edgeStyle=orthogonalEdgeStyle;rounded=0;html=1;exitX=1;exitY=0.5;entryX=0;entryY=0.5;jettySize=auto;orthogonalLoop=1;strokeWidth=3;fontSize=28;fillColor=#dae8fc;strokeColor=#6c8ebf;exitDx=0;exitDy=0;entryDx=0;entryDy=0;" edge="1" parent="1" source="4" target="jnu09e3VhKqj-yzPSul--20">
          <mxGeometry relative="1" as="geometry">
            <mxPoint x="300" y="310" as="sourcePoint" />
            <mxPoint x="370" y="288" as="targetPoint" />
          </mxGeometry>
        </mxCell>
        <mxCell id="jnu09e3VhKqj-yzPSul--22" value="&lt;font style=&quot;font-size: 28px;&quot;&gt;Model&amp;nbsp;&lt;/font&gt;&lt;div style=&quot;font-size: 28px;&quot;&gt;&lt;font style=&quot;font-size: 28px;&quot;&gt;Prediction&lt;/font&gt;&lt;/div&gt;" style="rounded=1;whiteSpace=wrap;html=1;strokeColor=#9673a6;fillColor=#e1d5e7;" vertex="1" parent="1">
          <mxGeometry x="600" y="370" width="190" height="90" as="geometry" />
        </mxCell>
        <mxCell id="jnu09e3VhKqj-yzPSul--23" style="edgeStyle=orthogonalEdgeStyle;rounded=0;html=1;entryX=0;entryY=0.5;jettySize=auto;orthogonalLoop=1;strokeWidth=3;fontSize=28;fillColor=#e1d5e7;strokeColor=#9673a6;exitX=1;exitY=0.5;exitDx=0;exitDy=0;entryDx=0;entryDy=0;" edge="1" parent="1" source="9" target="jnu09e3VhKqj-yzPSul--22">
          <mxGeometry relative="1" as="geometry">
            <mxPoint x="300" y="425" as="sourcePoint" />
            <mxPoint x="390" y="425" as="targetPoint" />
          </mxGeometry>
        </mxCell>
        <mxCell id="jnu09e3VhKqj-yzPSul--24" value="&lt;font style=&quot;font-size: 28px&quot;&gt;Model Prediction&lt;/font&gt;" style="rounded=0;whiteSpace=wrap;html=1;fillColor=#f8cecc;strokeColor=#b85450;fontSize=28;" vertex="1" parent="1">
          <mxGeometry x="70" y="610" width="220" height="60" as="geometry" />
        </mxCell>
        <mxCell id="jnu09e3VhKqj-yzPSul--25" style="edgeStyle=orthogonalEdgeStyle;rounded=0;html=1;entryX=0;entryY=0.75;jettySize=auto;orthogonalLoop=1;strokeWidth=3;fontSize=28;fillColor=#f8cecc;strokeColor=#b85450;exitX=1;exitY=0.5;exitDx=0;exitDy=0;entryDx=0;entryDy=0;" edge="1" parent="1" source="jnu09e3VhKqj-yzPSul--24" target="10">
          <mxGeometry relative="1" as="geometry">
            <mxPoint x="300" y="555" as="sourcePoint" />
            <mxPoint x="400" y="595" as="targetPoint" />
          </mxGeometry>
        </mxCell>
        <mxCell id="effccUr-PqDmwDd-zJ-Z-13" value="&lt;font style=&quot;font-size: 28px;&quot;&gt;Training data&lt;/font&gt;" style="rounded=0;whiteSpace=wrap;html=1;fillColor=#d5e8d4;strokeColor=#82b366;fontSize=28;" vertex="1" parent="1">
          <mxGeometry x="510" y="20" width="220" height="60" as="geometry" />
        </mxCell>
        <mxCell id="effccUr-PqDmwDd-zJ-Z-14" value="&lt;font style=&quot;font-size: 28px;&quot;&gt;Training labels&lt;/font&gt;" style="rounded=0;whiteSpace=wrap;html=1;fillColor=#d5e8d4;strokeColor=#82b366;fontSize=28;" vertex="1" parent="1">
          <mxGeometry x="510" y="90" width="220" height="60" as="geometry" />
        </mxCell>
        <mxCell id="effccUr-PqDmwDd-zJ-Z-17" style="edgeStyle=orthogonalEdgeStyle;rounded=0;html=1;jettySize=auto;orthogonalLoop=1;fontSize=28;fillColor=#dae8fc;strokeColor=#9AC7BF;strokeWidth=3;exitX=1;exitY=0.75;exitDx=0;exitDy=0;entryX=0;entryY=0.5;entryDx=0;entryDy=0;" edge="1" parent="1" source="jnu09e3VhKqj-yzPSul--16" target="effccUr-PqDmwDd-zJ-Z-14">
          <mxGeometry relative="1" as="geometry">
            <mxPoint x="410" y="80" as="sourcePoint" />
            <mxPoint x="500" y="120" as="targetPoint" />
            <Array as="points">
              <mxPoint x="450" y="110" />
              <mxPoint x="450" y="120" />
            </Array>
          </mxGeometry>
        </mxCell>
      </root>
    </mxGraphModel>
  </diagram>
</mxfile>
